-- phpMyAdmin SQL Dump
-- version 4.5.1
-- http://www.phpmyadmin.net
--
-- Host: 127.0.0.1
-- Generation Time: Dec 07, 2020 at 07:22 PM
-- Server version: 10.1.13-MariaDB
-- PHP Version: 5.6.23

SET SQL_MODE = "NO_AUTO_VALUE_ON_ZERO";
SET time_zone = "+00:00";


/*!40101 SET @OLD_CHARACTER_SET_CLIENT=@@CHARACTER_SET_CLIENT */;
/*!40101 SET @OLD_CHARACTER_SET_RESULTS=@@CHARACTER_SET_RESULTS */;
/*!40101 SET @OLD_COLLATION_CONNECTION=@@COLLATION_CONNECTION */;
/*!40101 SET NAMES utf8mb4 */;

--
-- Database: `db_caswanashop`
--

-- --------------------------------------------------------

--
-- Table structure for table `invoice`
--

CREATE TABLE `invoice` (
  `id_invoice` int(11) NOT NULL,
  `id_user` int(11) NOT NULL,
  `tanggal_invoice` timestamp NOT NULL DEFAULT CURRENT_TIMESTAMP,
  `no_invoice` varchar(10) NOT NULL,
  `merk` varchar(128) NOT NULL,
  `jumlah` int(11) NOT NULL,
  `harga_barang_total` int(11) NOT NULL,
  `harga_invoice_total` int(11) NOT NULL,
  `nama_lengkap_penerima` varchar(64) NOT NULL,
  `email_penerima` varchar(64) NOT NULL,
  `no_tlp_penerima` varchar(16) NOT NULL,
  `area` enum('Jabodetabek','Luar Jabodetabek') NOT NULL,
  `alamat_lengkap` varchar(255) NOT NULL,
  `kode_pos` varchar(5) NOT NULL,
  `nama_rek` varchar(128) NOT NULL,
  `no_rek` varchar(64) NOT NULL,
  `bukti_transfer` varchar(255) DEFAULT NULL,
  `status` enum('Menunggu Pembayaran','Menunggu Verifikasi','Terverifikasi','Pesanan Dikirim') NOT NULL
) ENGINE=InnoDB DEFAULT CHARSET=latin1;

--
-- Dumping data for table `invoice`
--

INSERT INTO `invoice` (`id_invoice`, `id_user`, `tanggal_invoice`, `no_invoice`, `merk`, `jumlah`, `harga_barang_total`, `harga_invoice_total`, `nama_lengkap_penerima`, `email_penerima`, `no_tlp_penerima`, `area`, `alamat_lengkap`, `kode_pos`, `nama_rek`, `no_rek`, `bukti_transfer`, `status`) VALUES
(15, 2, '2020-12-05 20:36:25', 'INV4557647', 'Polygon Sepeda Dirt Jump Trid ZZ', 1, 21500000, 29750000, 'test user', 'test@user.com', '12345', 'Luar Jabodetabek', '12', '123', '1234', '12345', 'item5fcd2ce58f23e0_50151847.jpg', 'Menunggu Verifikasi'),
(16, 2, '2020-12-05 20:36:25', 'INV4557647', 'Polygon Sepeda Gunung Cascade 2', 3, 8100000, 29750000, 'test user', 'test@user.com', '12345', 'Luar Jabodetabek', '12', '123', '1234', '12345', 'item5fcd2ce58f23e0_50151847.jpg', 'Menunggu Verifikasi'),
(18, 3, '2020-12-06 19:21:31', 'INV4811706', 'Polygon Claire', 1, 2975000, 17300000, 'Farhan Taufik Hidayat', 'email@farhan.com', '081234567', 'Jabodetabek', 'Lingkungan Harum Manis', '16917', 'Farhan TaufiK Hidayat', '12344321', 'item5fcd2f82c7f223_42119608.jpg', 'Pesanan Dikirim'),
(19, 3, '2020-12-06 19:21:31', 'INV4811706', 'Polygon Sepeda Premier 5', 3, 14250000, 17300000, 'Farhan Taufik Hidayat', 'email@farhan.com', '081234567', 'Jabodetabek', 'Lingkungan Harum Manis', '16917', 'Farhan TaufiK Hidayat', '12344321', 'item5fcd2f82c7f223_42119608.jpg', 'Pesanan Dikirim');

-- --------------------------------------------------------

--
-- Table structure for table `kategori`
--

CREATE TABLE `kategori` (
  `id_kategori` int(11) NOT NULL,
  `kategori` varchar(64) NOT NULL
) ENGINE=InnoDB DEFAULT CHARSET=latin1;

--
-- Dumping data for table `kategori`
--

INSERT INTO `kategori` (`id_kategori`, `kategori`) VALUES
(1, 'Sepeda Gunung'),
(2, 'Sepeda Lipat'),
(3, 'Sepeda BMX'),
(4, 'Sepeda Anak'),
(5, 'Sepeda Kota');

-- --------------------------------------------------------

--
-- Table structure for table `keranjang`
--

CREATE TABLE `keranjang` (
  `id_keranjang` int(11) NOT NULL,
  `id_sepeda` int(11) NOT NULL,
  `id_user` int(11) NOT NULL,
  `jumlah` int(11) NOT NULL
) ENGINE=InnoDB DEFAULT CHARSET=latin1;

--
-- Dumping data for table `keranjang`
--

INSERT INTO `keranjang` (`id_keranjang`, `id_sepeda`, `id_user`, `jumlah`) VALUES
(18, 3, 2, 3),
(19, 5, 2, 1);

-- --------------------------------------------------------

--
-- Table structure for table `sepeda`
--

CREATE TABLE `sepeda` (
  `id_sepeda` int(11) NOT NULL,
  `id_kategori` int(11) NOT NULL,
  `merk` varchar(128) NOT NULL,
  `harga` int(11) NOT NULL,
  `deskripsi` longtext NOT NULL,
  `spesifikasi` longtext NOT NULL,
  `gambar` varchar(255) NOT NULL
) ENGINE=InnoDB DEFAULT CHARSET=latin1;

--
-- Dumping data for table `sepeda`
--

INSERT INTO `sepeda` (`id_sepeda`, `id_kategori`, `merk`, `harga`, `deskripsi`, `spesifikasi`, `gambar`) VALUES
(1, 1, 'Polygon Sepeda Gunung Cascade 2', 2700000, 'Sepeda Polygon Cascade 2 merupakan salah satu sepeda keluaran Polygon yang hadir bagi Anda pengendara yang mencari sepeda untuk bepergian ke tempat kerja dan saat Anda berencana pergi untuk berkendara di akhir pekan. Sepeda Cascade 2 menggabungkan fitur urban yang cocok untuk kenyamanan bersepeda di jalanan perkotaan dan ketahanan sepeda gunung di medan offroad ringan. Sepeda Cascade 2 ini dirakit dengan profesional, sepeda ini memiliki daya tahan, keandalan, dan kecepatan terbaik serta memiliki spesifikasi terbaik menjadi salah satu sepeda yang direkomendasikan untuk Anda.', '<h3>Frame &amp; ForkSepeda</h3>\r\n<p>Polygon Cascade 2 dibekali dengan frame AL6 XC Sport Alloy yang ringan dan berkualitas. Frame Cascade 2 dirancang dengan perhitungan geometri agar memberikan kenyamanan saat sepeda dikendarai. Polygon menggunakan material AL6 XC Sport Alloy untuk menghasilkan frame yang lebih ringan dan tangguh dibanding teknologi bahan lainnya. Cascade 2 juga dilengkapi dengan Suntour XCE28 fork dengan tinggi travel 100 mm yang berfungsi meredam hentakan saat melintasi jalan yang tidak rata.</p>\r\n<h3>&nbsp;</h3>\r\n<h3>Groupset</h3>\r\n<p>Shifter Shimano ST-EF41 dengan kecepatan 3 &times; 7 speed turut melengkapi groupset Polygon Cascade 2 yang membuat sepeda ini dapat menghadapi berbagai medan tanjakan. Tersedia 21 opsi kecepatan (3 x 7 speed drivertrain) yang dapat membuat Anda merasa nyaman saat mengayuh, meskipun berada di jalan menanjak. Rear Derailleur Polygon Cascade 2 menggunakan Shimano RD-TY200, sedangkan untuk Front Derailleur menggunakan Shimano FD-TY300. Polygon Cascade 2 dibekali dengan brake Tektro MD-M280 Mechanical Disc Brake dan crank set Wheeltop TCSH2-CFPG 42/34/24T yang sangat andal dalam mengurangi getaran dari trek off-road ringan.</p>\r\n<h3>&nbsp;</h3>\r\n<h3>Wheelset dan lain-lain</h3>\r\n<p>Wheelset Polygon Cascade 2 dilengkapi dengan Double Wall Alloy Rims with Alloy Hubs. Cascade 2 juga menggunakan ban dari Deli Performance Tire berukuran 27.5" &times;2.1&rdquo; dengan knobs profile yang cukup padat. Ban ini cocok digunakan pada segala medan yang bervariasi. Saat berkendara di jalan aspal, laju sepeda ini bisa kencang. Ban pada Cascade 2 telah dilengkapi sistem Quick Release yang mana ban dapat dilepas maupun dipasang kembali dengan mudah tanpa memerlukan bantuan alat. Polygon Cascade 2 menggunakan part-part Entity pada bagian stem. Pada bagian stem milik Polygon Cascade 2 menggunakan bahan Alloy, sementara pada bagian sadel menggunakan bahan foming steel milik MTB dan pada bagian handlebar menggunakan bahan steel.</p>', 'item5fc2a17f2b3fb9_48338613.png'),
(2, 1, 'Polygon Sepeda MTB Premier 4', 4100000, 'Sepeda Premier 4 menggabungkan fitur urban yang cocok untuk kenyamanan bersepeda di jalanan perkotaan dan ketahanan sepeda gunung di medan offroad ringan. Sepeda gunung Polygon Premier 4 masuk kedalam kategori sepeda XC atau pemula, yang ditujukan untuk offroad ringan. Sepeda ini cukup nyaman untuk dipakai pada daerah yang sedikit bergelombang, dan tidak terlalu berat di tanjakan. Polygon Premier 4 menjadi salah satu sepeda gunung terbaik yang direkomendasikan untuk Anda.', '<h3>Frame &amp; Fork</h3>\r\n<p>Sepeda Polygon Premier 4 dibekali dengan frame Alutech XC Sport Alloy yang ringan, berkualitas dan tahan karat. Polygon menggunakan material Alutech XC Sport Alloy untuk menghasilkan frame yang lebih ringan dan tangguh dibanding teknologi bahan lainnya. Premier 4 juga dilengkapi dengan Suntour XCM fork dengan tinggi travel 120 mm yang dapat meredam getaran. Memiliki travel 120 mm, dapat dipasang rotor disc brake sampai dengan ukuran 180 mm, dan menggunakan suspensi per (coil). Terdapat knob pre-load suspensi di sebelah kiri, dan knob on/off suspensi di sebelah kanan. Sepeda ini cukup nyaman untuk dipakai pada daerah yang sedikit bergelombang, dan tidak terlalu berat di tanjakan. Sistem suspensi lock out dapat Anda atur menyesuaikan ketika bersepeda di jalan rata atau offroad. Dan untuk fork Suntour XCM ini, Anda juga harus mengatur suspensi yang sesuai agar mendapatkan performa yang lebih optimum.</p>\r\n<p>&nbsp;</p>\r\n<h3>Groupset</h3>\r\n<p>Groupset Polygon Premier 4 menggunakan kombinasi shifter Shimano Altus SL-M315 dengan kecepatan 2 &times; 8 speed dan Rear Derailleur Shimano 360 Acera, sedangkan untuk Front Derailleur menggunakan Shimano FD- M315. Polygon Premier 4 dibekali dengan brake Tektro M275 Hydraulic Disc Brake dan crank set Alloy TM-CY10 34/22T 8-Speed yang dapat meningkatkan kinerja sepeda saat Anda berkendara.</p>\r\n<p>&nbsp;</p>\r\n<h3>Wheelset dan lain-lain</h3>\r\n<p>Wheelset Polygon Premier 4 menggunakan Double Wall Alloy Rims W/ Alloy Hubs. Jalur kabel pada Premier 4, untuk kabel shifter sudah memakai jalur internal. Premier 4 juga dilengkapi dengan ban dari MIZT dengan ukuran 27.5" &times;2.25&rdquo;. Polygon Premier 4 menggunakan part-part Entity pada bagian stem, seatpost, sadel, dan handlebar. Seatpost yang digunakan pada Polygon Premier 4 adalah Entity Sport Alloy dengan diameter 27,2 mm, panjang 350 mm, dan offset 15 mm. Offset ini membuat posisi tempat duduk sedikit lebih mundur dari kelurusan tube/tiang seatpostnya. Sadel Entity dengan sedikit lengkungan di bagian tengah, terasa empuk saat digunakan.</p>', 'item5fc680a1d1e0d1_04963066.jpg'),
(3, 1, 'Polygon Sepeda Premier 5', 4750000, 'Sepeda Polygon Premier 5 dibuat untuk menjadi sepeda serbaguna bagi Anda pengendara yang mencari sepeda untuk pergi berkendara di akhir pekan. Sepeda Premier 5 menggabungkan fitur urban yang cocok untuk kenyamanan bersepeda di jalanan perkotaan dan ketahanan sepeda gunung di medan offroad ringan. Seri Polygon Premier 5 ini akan membuat kamu lebih nyaman dan antusias bersepeda setiap harinya. Polygon Premier 5 dirancang dapat melibas segala medan.', '<h3>Frame &amp; Fork</h3>\r\n<p>Sepeda Polygon Premier 5 dibekali dengan frame Alutech XC Sport Alloy yang ringan, berkualitas dan tahan karat. Sehingga bagi Anda yang ingin memilikinya tak perlu khawatir terkait kualitas frame yang dipakai seri Premier 5. Premier 5 juga dilengkapi dengan Suntour XCM-HLO fork dengan tinggi travel 120 mm yang dapat meredam getaran. Fork yang dipakai pada Premier 5 sangat nyaman dan tidak keras bila digunakan untuk melintasi medan berat.</p>\r\n<p>&nbsp;</p>\r\n<h3>Groupset</h3>\r\n<p>Groupset Polygon Premier 5 menggunakan Shifter Shimano Altus M2010 dan Rear Derailleur Polygon Premier 5 menggunakan Shimano M3100, sedangkan untuk Front Derailleur menggunakan Shimano M2020 Altus. Polygon Premier 5 dibekali dengan brake Tektro M275 Hydraulic Disc Brake dan crank set Alloy TN-CY10 34/22T yang dapat meningkatkan kinerja sepeda saat Anda mengayuhnya. Dengan rem hidrolik ini, pengereman Pada Premier 5 akan lebih ringan dan responsif, serta memiliki perawatan yang lebih mudah karena kedap dan lebih terlindungi dari kotoran. Disc brake ini dipasangkan dengan rotor 160mm untuk rem depan dan belakang, ukuran rotor yang standard untuk sepeda XC.</p>\r\n<p>&nbsp;</p>\r\n<h3>Wheelset dan lain-lain</h3>\r\n<p>Wheelset Polygon Premier 5 menggunakan Double Wall Alloy Rims with Alloy Hubs. Premier 5 dilengkapi dengan internal cable routing, sehingga membuat tampilan yang rapi dan modis serta memperpanjang masa pakai kabel. Premier 5 juga dilengkapi dengan ban dari MIZT dengan ukuran 27.5" &times;2.25&rdquo;. Ban ini berukuran lebar yang cocok untuk berkendara di jalur offroad, serta dapat digunakan dengan tekanan udara yang rendah, sehingga traksi (gigitan) ban lebih kuat, sekaligus lebih nyaman. Polygon Premier 5 menggunakan part-part Entity pada bagian stem, seatpost, sadel, dan handlebar. Handlebar sepeda Premier 5 menggunakan Entity Sport Alloy dengan lebar 740mm, diikuti bentuk rise yang sedikit melengkung, yang dapat Anda atur posisinya tidak hanya naik atau turun, tetapi juga dapat diatur lebih maju atau mundur sesuai dengan posisi ideal Anda.</p>', 'item5fc68219addbb8_27227941.jpg'),
(4, 1, 'Polygon Sepeda MTB Xtrada 6 1x11 Speed', 7300000, 'Polygon memiliki beberapa seri mountain bike, salah satunya adalah Polygon Xtrada 6 1×11 Speed Mountain Bike. Polygon Xtrada 6 adalah kelas sepeda gunung hardtail atau single suspensi, yang peruntukannya lebih cocok untuk leisure, tour, cross country dan trail. Xtrada 6 sangat nyaman dipakai untuk kegiatan sepeda santai, perjalanan jauh, baik di jalan rata maupun jalur offroad. Xtrada 6 dirancang untuk pengendara yang ingin berkendara di berbagai medan.', '<h3>Frame &amp; Fork</h3>\r\n<p>Sepeda Polygon Xtrada 6 menggunakan frame ALX Alloy yang ringan, berkualitas dan tahan karat. Frame pada Polygon Xtrada 6 menggunakan material Alloy dengan tapered tube yang dipasang fork straight, dan menggunakan hub Boost 141 mm QR. Xtrada 6 juga dilengkapi dengan Suntour XCR 32 LO-R fork dengan tinggi travel 120 mm yang dapat meredam getaran. Fork juga dilengkapi fitur lock-out, preload dan rebound adjuster. Fitur lock-out pada fork Suntour berfungsi untuk mengunci suspensi pada saat masuk jalur yang menanjak dan jalan yang rata atau mulus. Fitur pre-load berfungsi mengatur keras atau lembutnya suspensi serta menyesuaikan berat badan pengendara dan juga medan yang akan ditempuh. Sedangkan fitur rebound berfungsi untuk mengatur kecepatan suspensi kembali ke posisi awal setelah terjadi hentakan. Keseluruhan fitur tersebut akan memberikan kenyamanan pada Anda saat berkendara dan memberikan ketahanan pada bagian suspensi fork.</p>\r\n<p>&nbsp;</p>\r\n<h3>Groupset</h3>\r\n<p>Groupset Polygon Xtrada 6 menggunakan Shimano Deore dengan kecepatan 1 &times; 11 speed. Kecepatan 1 &times; 11 speed dapat menghadapi berbagai medan tanjakan dan memberi kenyamanan dalam berkendara. Shimano Deore yang digunakan meliputi Rear Derailleur dan Shifter. Polygon Xtrada 6 dibekali dengan brake Shimano BR-M201 Hydraulic Disc Brake. Crank set Xtrada 6 menggunakan Shimano Deore FC-MT510-0 32T. Xtrada 6 telah menggunakan sprocket berukuran 11-51T yang dikombinasikan dengan single chainring 32T, yang sangat memudahkan Anda untuk menaklukkan tanjakan atau medan yang lebih berat. Polygon Xtrada 6 ini juga semakin menarik karena dilengkapi dengan teknologi boost system yang membuat sepeda lebih stabil.</p>\r\n<p>&nbsp;</p>\r\n<h3>Wheelset dan lain-lain</h3>\r\n<p>Wheelset Polygon Xtrada 6 menggunakan Double Wall Alloy Rims With Alloy QR Boost Hubs. Xtrada 6 dilengkapi dengan internal cable routing, sehingga membuat tampilan yang rapi dan modis serta memperpanjang masa pakai kabel. Xtrada 6 dilengkapi dengan ban dari Spyderbait SA-290 berukuran 27.5&rdquo; &times; 2.25&rdquo;/ 29&rdquo; &times; 2.25&rdquo;. Ban berukuran lebar yang ideal untuk grip yang baik di jalan offroad standard sehingga terlihat lebih kokoh. Ban yang digunakan pada Xtrada 6 memakai sistem skewer (QR) yang memudahkan untuk membuka pasang roda dengan cepat dan tanpa alat. Polygon Xtrada 6 menggunakan part-part Entity meliputi seat post, sadel, stem dan handlebar. Stem yang digunakan pada Xtrada 6 adalah Entity Sport, 15mm offset, 27.2 mm &times; 350 mm dikombinasikan dengan handlebar Entity Sport Alloy dengan panjang 760 mm, rise 12 mm dan barbore 31.8 mm.</p>', 'item5fc6835f8000b0_35426569.jpg'),
(5, 1, 'Polygon Sepeda Dirt Jump Trid ZZ', 21500000, 'Setelah beberapa tahun pengujian dan pengembangan kerjasama dengan Sam Reynolds dan Kurt Sorge, Polygon memperkenalkan sepeda slope style yang paling dinantikan yaitu Polygon Trid ZZ. Polygon Trid ZZ adalah sepeda slopestyle yang terlahir dari riset mendalam selama beberapa tahun untuk menciptakan sepeda full suspension dirt jump yang kompetitif di level dunia sekelas FMB World Tour. Trid ZZ dirancang bagi Anda seorang profesional maupun penghobi untuk melakukan lompatan besar dan trik saat di udara. Komponen yang mumpuni pada Trid ZZ dapat digunakan untuk melakukan berbagai trik. Bagi Anda setiap pecinta dunia dirt jump yang menginginkan sepeda slope style bersuspensi dan frame yang kokoh, Trid ZZ akan menjadi sepeda terbaik Anda.', '<h3>Frame &amp; Fork</h3>\r\n<p>Sepeda Polygon Trid ZZ dibekali dengan frame AL6 Slope Style Alloy yang ringan, berkualitas dan tahan karat. Frame aluminium hidroformed 6061 yang ringan dan tahan lama memiliki headtube meruncing, front/rear thru axle dan chainstays pendek agar lebih mudah mengontrol saat lepas landas maupun mendarat. Trid ZZ juga dilengkapi dengan Rockshox Pike DJ fork dengan tinggi travel 100 mm yang dapat meredam getaran. Pike DJ fork pada Polygon Trid ZZ dirancang khusus dengan sistem Solo Air khusus yang didesain untuk progresi bottom-out lebih dari yang Anda perlukan, karena jalur Anda pada akhirnya memerlukan beberapa pendaratan.</p>\r\n<p>&nbsp;</p>\r\n<h3>Groupset</h3>\r\n<p>Groupset Polygon Trid ZZ dibekali dengan shifter SRAM SL-GX-DH-A2 dengan kecepatan 7-speed. Rear Derailleur Polygon Trid ZZ menggunakan SRAM RD-GX-1DH-A3 DA. Polygon Trid ZZ juga dibekali dengan brake Shimano BR-MT501 Hydraulic Disc Brake dan crank set 2-piece Alloy Crankset 32T yang dapat meningkatkan kinerja sepeda saat Anda mengayuhnya.</p>\r\n<p>&nbsp;</p>\r\n<h3>Wheelset dan lain-lain</h3>\r\n<p>Wheelset Polygon Trid ZZ menggunakan Alloy Double Wall W/ Alloy Hub 6-Bolt dengan dilengkapi dengan internal cable routing, sehingga membuat tampilan yang rapi dan modis serta memperpanjang masa pakai kabel. Trid ZZ juga dibekali dengan ban dari Vee Tires XCV (Two Six DJ) dengan ukuran 26"&times;2.25". Polygon Trid ZZ menggunakan sadel Polygon Pivotal Saddle. Sadel Polygon yang digunakan pada Trid ZZ sangat nyaman untuk digunakan dalam jangka waktu lama. Pada bagian handlebar Polygon Trid ZZ menggunakan handlebar alloy dengan lebar 750 mm, diameter 31,8 mm dan rise 38,1 mm.</p>', 'item5fc6842223cc83_68519252.jpg'),
(6, 1, 'Polygon Sepeda Dual Suspension Siskiu N9', 39500000, 'Polygon Siskiu N9 adalah seri sepeda enduro terbaru dari Polygon Bikes yang menghadirkan teknologi dan komponen pilihan yang dipadukan secara sempurna untuk bersepeda di medan yang menantang. Menghadirkan performa sepeda yang agresif, gesit dan cepat untuk setiap pesepeda yang ingin menantang kemampuan bersepeda di medan tanjakan dan turunan yang bervariasi. Siskiu N9 meningkatkan performanya dengan kombinasi spare part dan teknologi yang dirancang untuk performa yang lebih lincah dan gesit. Siskiu N9 cocok untuk Anda pengendara yang suka dengan tantangan.', '<h3>Frame &amp; Fork</h3>\r\n<p>Dengan geometri frame yang modern, Siskiu N9 dihadirkan dengan sistem 1x yang mudah dirawat serta sistem full suspensi yang dilengkapi dengan teknologi one piece linkage untuk optimasi kinerja suspensi yang tangguh. Sepeda Polygon Siskiu N9 dibekali dengan frame ALX Alloy yang ringan, berkualitas dan tahan karat. Siskiu N9 juga dilengkapi dengan Fox 36 Performance fork dengan tinggi travel 160 mm dan 170 mm yang dapat meredam getaran.&nbsp;</p>\r\n<p>Mengadaptasi Boost system pada frame dan fork sepeda Siskiu N9 untuk mengontrol sepeda yang lebih stabil di segala medan, bahkan saat digunakan melaju dengan speed yang tinggi sehingga mampu meningkatkan performa. Teknologi boost yang diterapkan pada frame akan meningkatkan stiffness serta mempengaruhi handling pesepeda jauh lebih efektif. Sedangkan pada fork, Teknologi ini memberi ruang lebih untuk clearance pada fork, sehingga mempermudah dan memungkinkan pemilihan ban yang lebih lebar sesuai dengan kebutuhan pengendara. Sepeda ini dirancang khusus dengan FAUX Bar Suspension System untuk dapat memberikan kenyamanan, pengendalian, traksi yang maksimal, dan gaya dorong yang efisien saat melewati rintangan.</p>\r\n<p>&nbsp;</p>\r\n<h3>Groupset</h3>\r\n<p>Groupset Polygon Siskiu N9 menggunakan Shimano XT dengan kecepatan 1 &times; 12 speed. Kecepatan 1 &times; 12 speed dapat menghadapi berbagai medan tanjakan. Rear Derailleur Siskiu N9 dilengkapi dengan Shimano XT RD-M8100 12-speed DA. Polygon Siskiu N9 dibekali dengan brake TRP Slate T4 4 Piston. Untuk pengeremannya, sepeda Polygon Siskiu N9 sudah menggunakan jenis rem cakram sehingga membuat cengkramannya lebih kuat. Menggunakan crankset Shimano Deore XT FC-M8100-1, sepeda Polygon Siskiu N9 ini menghadirkan opsi 12 speed.</p>\r\n<p>&nbsp;</p>\r\n<h3>Wheelset dan lain-lain</h3>\r\n<p>Polygon Siskiu N9 menggunakan wheelset Entity XL2 Disc. Sepeda ini juga dilengkapi dengan internal cable routing yang membuat tampilan menjadi bersih dan rapi. Siskiu N9 juga dilengkapi dengan ban dari WTB Vigilante dengan ukuran 27.5&rdquo; &times; 2.6 atau 29&rdquo; &times; 2.3. Polygon Siskiu N9 menggunakan part Entity pada bagian sadel. Sadel Entity yang dipadukan dengan seatpost Exa Form Ragei meningkatkan kinerja Siskiu N9 yang memadai dalam kecepatan, kelincahan dan kenyamanan.</p>', 'item5fc684ca76c5d8_55800686.jpg'),
(7, 5, 'Polygon Sepeda Oosten 26', 3400000, 'Sepeda Polygon Oosten 26 adalah sepeda dengan tampilan klasik khas sepeda Eropa, yang memberikan kenyamanan ekstra saat digunakan untuk berkeliling menikmati sudut kota. Oosten 26 akan membuat Anda merasa nyaman dalam berkendara. Oosten 26 adalah pilihan yang sempurna untuk semua penggemar berkendara di jalan raya yang mencari sepeda serba guna dengan sistem kontrol yang mudah. Sepeda klasik yang dilengkapi dengan fender untuk melindungi dari cipratan air atau lumpur, dan dilengkapi pula keranjang pada bagian depan untuk kemudahan dan fleksibilitas membawa barang yang diingkan. Oosten 26 memiliki daya tahan, keandalan, dan kecepatan yang terjamin. Sepeda Oosten 26 ini dirakit dengan profesional, spesifikasi yang terbaik di kelasnya dan menjadi salah satu sepeda terbaik yang direkomendasikan untuk Anda.', '<div>\r\n<h3>Frame &amp; Fork</h3>\r\n<p>Sepeda Polygon Oosten 26 dibekali dengan frame AL6 City Frame yang ringan, berkualitas dan tahan karat cocok untuk digunakan berkendara sehari-hari. Polygon menggunakan material AL6 City Frame untuk menghasilkan frame yang lebih ringan dan tangguh dibanding teknologi bahan lainnya. Oosten 26 juga dilengkapi dengan HI-TEN Rigid fork yang dapat meredam getaran. Didesain dengan warna yang cantik dan elegan, Polygon Oosten 26 sangat kokoh, ringan dan aerodinamis.</p>\r\n<p>&nbsp;</p>\r\n<p>&nbsp;</p>\r\n<h3>Groupset</h3>\r\n<p>Groupset Polygon Oosten 26 menggunakan shifter Shimano SL-RS45 yang dapat memberi kenyamanan dalam berkendara. Rear Derailleur Polygon Oosten 26 menggunakan Shimano Altus RD-M310. Polygon Oosten 26 juga dibekali dengan brake Alloy V-Brake dan crank set Steel Crank 36T, 165 mm yang dapat mengurangi berat dari sepeda dan meningkatkan kinerja sepeda saat Anda mengayuhnya.</p>\r\n<p>&nbsp;</p>\r\n<p>&nbsp;</p>\r\n<h3>Wheelset dan lain-lain</h3>\r\n<p>Wheelset Polygon Oosten 26 menggunakan Alloy Double Wall Rims Alloy Hub 36H. Oosten 26 memiliki tampilan yang cantik dan modis. Oosten 26 juga dilengkapi dengan ban dari Deli S-151 with Double Wall Alloy Rims W/ Alloy Hubs dengan ukuran 26&times;1-3/8. Polygon Oosten 26 menggunakan part-part Alloy meliputi seatpost, stem, dan handlebar. Sadel yang digunakan pada Oosten 26 adalah Selle Royal Ondina yang sangat nyaman untuk digunakan dalam jangka waktu lama.</p>\r\n</div>\r\n<div class="right-content" style="box-sizing: border-box; color: #8c8c8c; width: 590px; font-size: 13px; letter-spacing: 0.33px; line-height: 20px; padding-left: 33px; font-family: mavenpro; background-color: #ffffff;">\r\n<div class="additional-attributes-wrapper table-wrapper" style="box-sizing: border-box; margin-bottom: 20px;">&nbsp;</div>\r\n</div>', 'item5fc6941f23b995_65123219.jpg'),
(8, 2, 'United Quest CI04', 2750000, 'Rangka steel yang kuat dan tahan banting ditambah dengan rem cakram yang pakem menjadi kelengkapan anda saat mengendarai sepeda ini. Terdapat 8 pilihan kecepatan (operan gigi) untuk menghadapi berbagai medan tanjakan dan memberi fleksibilitas dalam berkendara. Dilengkapi dengan magnet yang kuat di bagian roda depan dan belakang, untuk menjaga sepeda terlipat dengan aman. Penyimpanan praktis dan ringkas karena sepeda bisa dilipat di bagian: rangka, handle post dan pedal. Original dan bergaransi resmi.', '<h3>Ringkasan Spesifikasi</h3>\r\n<p>Sepeda lipat United Quest CI04 dibekali frame steel yang kuat dan tahan banting, dengan desain yang stylish. Untuk menunjang kemudahan pengendara, sepeda ini difasilitasi 8 pilihan kecepatan untuk menghadapi berbagai kondisi jalan dan memberi fleksibilitas dalam berkendara. Dilengkapi dengan magnet yang kuat di bagian roda depan dan belakang, untuk menjaga sepeda terlipat dengan aman. Menggunakan sistem pengereman cakram mekanik yang cukup pakem. Dibekali dengan standar samping untuk memudahkan Anda memarkir sepeda. Selain itu, sepeda lipat 20 inci ini cukup ringkas dan praktis disimpan. Anda bisa melipat bagian rangka, handle post, dan pedal.</p>', 'item5fc7da4a9d7698_80293055.jpg'),
(9, 2, 'Tabibitho Catapult Elite', 4800000, 'Tabibitho Catapult Elite memiliki rangka alloy yang ringan dan tahan karat, dengan desain yang stylish. Banyak 9 pilihan kecepatan (operan gigi) untuk menghadapi berbagai kondisi jalan dan memberi fleksibilitas dalam berkendara. Penyimpanan praktis dan ringkas karena sepeda bisa dilipat di bagian: rangka, handle post dan pedal. Menggunakan sistem pengereman cakram yang cukup pakem. Sistem pengoperan gigi mudah, cukup dengan jari jempol. Original dan bergaransi resmi.', '<h3>Ringkasan Spesifikasi</h3>\r\n<p>Sepeda Tabibitho Catapult Elite dibekali dengan&nbsp;frame alloy&nbsp;rangka ringan dan tahan karat,&nbsp;dengan desain yang&nbsp;stylish.&nbsp;Menggunakan ukuran ban 20 inci, sepeda ini cocok untuk kalangan remaja dan dewasa. Untuk menunjang kemudahan pengendara, sepeda ini difasilitasi 9&nbsp;speed&nbsp;untuk menghadapi berbagai kondisi jalan dan memberi fleksibilitas dalam berkendara. Menggunakan sistem pengereman cakram yang cukup pakem. Terdapat&nbsp;mounting&nbsp;pada bagian&nbsp;headtube&nbsp;yang bisa digunakan untuk&nbsp;front block.&nbsp;Sepeda ini bisa menjadi pilihan yang tepat untuk Anda yang mencari sepeda lipat dengan spesifikasi yang mumpuni. Harga sepeda lipat Tabibitho Catapult Elite ukuran 20 inci bisa dilihat di halaman ini.</p>', 'item5fc7dae97c1068_01750499.jpg'),
(10, 2, 'Camp Snoke [Bonus Helm Sepeda]', 6700000, 'Dengan posisi berkendara yang tegak dan nyaman, Sepeda Camp Snoke sangat ideal untuk kebutuhan rider urban yang tidak memiliki banyak ruang untuk penyimpanan. Memiliki rangka ringan dan tahan karat yang didesain stylish. Banyak 10 pilihan kecepatan (operan gigi) untuk menghadapi berbagai medan tanjakan dan memberi fleksibilitas dalam berkendara. Rem cakram yang sangat pakem tanpa mengandalkan cengkeraman jari pada saat mengerem mendadak atau saat turunan tajam. Memakai teknologi hydraulic yang sama dengan pengereman kendaraan bermotor. Penyimpanan praktis dan ringkas karena sepeda bisa dilipat di bagian: rangka, dan handle post. Handle grip dilengkapi dengan lock yang menjamin genggaman tidak slip, berputar, atau bergeser. Dilengkapi dengan magnet dan front block pada bagian frame depan sepeda, yang bisa digunakan sebagai bracket tas. Front block memudahkan Anda memasang, melepas dan membawa tas di bagian depan sepeda. Original dan bergaransi resmi.', '<h3>Ringkasan Spesifikasi</h3>\r\n<p>Dibekali frame alloy yang ringan dan tahan karat, dengan desain yang stylish. Memiliki 10 opsi kecepatan untuk menghadapi berbagai kondisi jalan dan memberi fleksibilitas dalam berkendara. Handle grip dilengkapi dengan lock yang menjamin genggaman tidak slip, berputar, atau bergeser. Penyimpanan praktis dan ringkas karena sepeda bisa dilipat di bagian: rangka, dan handle post, memudahkan Anda untuk melipat dan menyimpannya di dalam ruangan yang sangat kecil. Dilengkapi dengan front block pada bagian frame depan sepeda, yang bisa digunakan sebagai bracket tas. Front block memudahkan Anda memasang, melepas dan membawa tas di bagian depan sepeda. Dilengkapi dengan magnet yang kuat di bagian roda depan dan belakang, untuk menjaga sepeda terlipat dengan aman.</p>', 'item5fc7dbd3e1e1b3_59835109.jpg'),
(11, 2, 'Element Pikes Gen 2 Dark Blood [Bonus Tas Sepeda]', 9150000, 'Dengan posisi berkendara yang tegak dan nyaman, Sepeda Elemen Pikes Gen 2 Dark Blood cocok untuk kebutuhan rider urban yang tidak memiliki banyak ruang untuk penyimpanan. Element Pikes Gen 2 memiliki rangka kuat dan ringan yang didesain stylish. Sistem pengereman sederhana, lebih hemat biaya perawatan. Banyak 6 pilihan kecepatan (operan gigi) untuk menghadapi berbagai medan tanjakan dan memberi fleksibilitas dalam berkendara. Penyimpanan praktis dan ringkas karena sepeda bisa dilipat di bagian: rangka, handle post, pedal, dan roda belakang. Dilengkapi pompa, bagasi dan front block pada bagian frame depan sepeda, serta roda pada bagasi belakang, memudahkan Anda untuk mendorong sepeda. Original dan bergaransi resmi.', '<h3>Ringkasan Spesifikasi</h3>\r\n<p>Dibekali&nbsp;frame chromoly&nbsp;yang kuat dan ringan, dengan desain yang&nbsp;stylish.&nbsp;Memiliki 6 opsi kecepatan untuk menghadapi berbagai kondisi jalan dan memberi fleksibilitas dalam berkendara. Berbeda dengan seri pikes yang lainnya, sepeda ini memiliki 2 pilihan kecepatan&nbsp;eksternal gear, dan 3 pilihan kecepatan&nbsp;internal gear.&nbsp;Menggunakan rem&nbsp;U-Brake&nbsp;ang sudah cukup untuk pemakaian biasa. Penyimpanan praktis dan ringkas karena sepeda bisa dilipat di bagian: rangka,&nbsp;handle post,&nbsp;pedal, dan roda belakang, memudahkan Anda untuk melipat dan menyimpannya di dalam ruangan yang sangat kecil. Dilengkapi dengan pompa, bagasi dan&nbsp;front block&nbsp;pada bagian&nbsp;frame&nbsp;depan sepeda, yang bisa digunakan sebagai bracket tas.&nbsp;Front block&nbsp;memudahkan Anda memasang, melepas dan membawa tas di bagian depan sepeda. Dilengkapi roda kecil dibagian bagasi sepeda, memudahkan Anda untuk mendorong sepeda.</p>', 'item5fc7dce3bd9360_77557711.jpg'),
(12, 2, 'Pacific Splendid 3.0', 2955000, 'Sepeda Pacific Splendid 3 memiliki rangka yang ringan dan tahan karat. Komponen utama dari Shimano, jaminan mutu spare part sepeda dari Jepang terutama dalam hal ketahanan. Banyak (7) pilihan kecepatan (operan gigi) untuk menghadapi berbagai kondisi jalan dan memberi fleksibilitas dalam berkendara. Pegangan sepeda yang berbentuk ergonomis menyesuaikan kontur genggaman telapak tangan untuk meningkatkan kenyamanan, terutama saat berkendara lama. Sistem pengoperan gigi mudah, cukup dengan jari jempol. Menggunakan sistem pengereman cakram mekanik yang pakem, cukup untuk pemakaian biasa. Penyimpanan praktis dan ringkas karena sepeda bisa dilipat di bagian: rangka, stang dan pedal. Original dan bergaransi resmi.', '<h3>Ringkasan Spesifikasi</h3>\r\n<p>Sepeda inidibekali dengan frame berbahan alloy, yang ringan dan tahan karat. Dengan ukuran ban 20 inci sepeda ini cocok untuk kalangan remaja dan dewasa. Untuk menunjang kemudahan pengendara, sepeda ini difasilitasi 7 pilihan kecepatan, dan shifter Shimano untuk menghadapi berbagai kondisi jalan dan memberi fleksibilitas dalam berkendara, serta dikombinasikan dengan rear derailleur yang juga dari Shimano. Menggunakan sistem pengereman cakram mekanik yang pakem, cukup untuk pemakaian biasa. Handle grip yang berbentuk ergonomis menyesuaikan kontur genggaman telapak tangan untuk meningkatkan kenyamanan, terutama saat berkendara lama. Terdapat bel dan mounting pada bagian headtube yang bisa digunakan untuk front block. Penyimpanan praktis dan ringkas karena sepeda bisa dilipat di bagian: rangka, stang dan pedal.</p>', 'item5fc7dd950e3191_37063920.jpg'),
(13, 2, 'BNB Minions Vicky', 2150000, 'BNB Minions Vicky memiliki rangka yang ringan dan tahan karat. Banyak 7 pilihan kecepatan (operan gigi) untuk menghadapi berbagai kondisi jalan dan memberi fleksibilitas dalam berkendara. Penyimpanan praktis dan ringkas karena sepeda bisa dilipat di bagian: rangka, handle post dan pedal. Rem cakram yang pakem. Sistem pengoperan gigi mudah, cukup dengan jari jempol. Original dan bergaransi resmi.', '<h3>Ringkasan Spesifikasi</h3>\r\n<p>Sepeda ini dilengkapi frame steel, yang kuat dan tahan banting. Menggunakan ukuran ban 20 inci, sepeda ini cocok untuk kalangan remaja dan dewasa. Untuk menunjang kemudahan pengendara, sepeda ini difasilitasi 7 speed untuk menghadapi berbagai kondisi jalan dan memberi fleksibilitas dalam berkendara. Menggunakan sistem pengereman cakram mekanik yang cukup pakem. Handle bar yang berbentuk ergonomis menyesuaikan kontur genggaman telapak tangan untuk meningkatkan kenyamanan, terutama saat berkendara lama.</p>', 'item5fc7de04d483a2_42297920.jpg'),
(14, 2, 'Pacific Flux 3.0', 4500000, 'Sepeda Pacific Flux 3 dibuat dengan rangka steel yang kuat dan tahan banting. Penyimpanan praktis dan ringkas karena sepeda bisa dilipat di bagian: rangka, handle post dan pedal. Banyak 8 pilihan kecepatan (operan gigi) untuk menghadapi berbagai medan tanjakan dan memberi fleksibilitas dalam berkendara. Handle grip yang berbentuk ergonomis menyesuaikan kontur genggaman telapak tangan untuk meningkatkan kenyamanan, terutama saat berkendara lama. Sistem Pengereman cakram mekanik yang cukup pakem. Original dan bergaransi resmi.', '<h3>Ringkasan Spesifikasi\\</h3>\r\n<p>Sepeda berukuran 16 inci ini mengandalkan frame berbahan steel yang kuat dan tahan banting. Untuk menunjang kemudahan pengendara, sepeda Pacific Flux 3 ini difasilitasi dengan 8 pilihan kecepatan untuk menghadapi berbagai kondisi jalan dan memberi fleksibilitas dalam berkendara. Handle grip yang berbentuk ergonomis menyesuaikan kontur genggaman telapak tangan untuk meningkatkan kenyamanan, terutama saat berkendara lama. Sistem pengereman cakram mekanik yang cukup pakem. Dilengkapi dengan standar samping, magnet dan front block pada bagian frame depan sepeda, yang bisa digunakan sebagai bracket tas. Front block memudahkan Anda memasang, melepas dan membawa tas di bagian depan sepeda. Selain itu, sepeda lipat 16 inci ini cukup ringkas dan praktis disimpan. Anda bisa melipat bagian rangka, handle post, dan pedal. Bagi Anda yang menginginkan sepeda lipat yang ringan dan berkualitas.</p>', 'item5fc7dee8e44ea1_52015097.jpg'),
(15, 2, 'Element Troy Chrome Edition Gold [Bonus Pompa Topeak dan Toolkit]', 6550000, 'Sepeda Element Troy dibekali frame chromoly yang kuat dan tahan banting, dengan desain yang stylish. Memiliki 10 opsi kecepatan untuk menghadapi berbagai kondisi jalan dan memberi fleksibilitas dalam berkendara. Menggunakan rem cakram hydraulic yang sangat pakem. Handle grip dilengkapi dengan lock, yang menjamin genggaman tidak slip, berputar, atau bergeser. Penyimpanan praktis dan ringkas karena sepeda bisa dilipat di bagian: rangka, handle post dan pedal, memudahkan Anda untuk melipat dan menyimpannya di dalam ruangan yang sangat kecil. Dilengkapi dengan front block pada bagian frame depan sepeda, yang bisa digunakan sebagai bracket tas. Front block memudahkan Anda memasang, melepas dan membawa tas di bagian depan sepeda. Element Troy 10 speed Chrome Edition warna gold ini, sangat ideal untuk kebutuhan rider urban yang tidak memiliki banyak ruang untuk penyimpanan.', '<h3>Ringkasan Spesifikasi</h3>\r\n<p>Sepeda ini menggunakan rangka chromoly yang kuat dan tahan banting. Rem cakram yang sangat pakem tanpa mengandalkan cengkeraman jari pada saat mengerem mendadak atau saat turunan tajam. Memakai teknologi hydraulic yang sama dengan pengereman kendaraan bermotor. Banyak 10 pilihan kecepatan (operan gigi) untuk menghadapi berbagai medan tanjakan dan memberi fleksibilitas dalam berkendara. Handle grip dilengkapi dengan lock, yang menjamin genggaman tidak slip, berputar, atau bergeser. Penyimpanan praktis dan ringkas karena sepeda bisa dilipat di bagian: rangka, handle post dan pedal. Roda dapat dilepas pasang dengan mudah dan cepat tanpa menggunakan alat. Original dan bergaransi resmi.</p>', 'item5fc7dfd07462b3_20704989.jpg'),
(16, 2, 'Element Pikes Gen 2 All Black [Bonus Helm Sepeda]', 8735000, 'Dengan posisi berkendara yang tegak dan nyaman, Sepeda Elemen Pikes Gen 2 all black cocok untuk kebutuhan rider urban yang tidak memiliki banyak ruang untuk penyimpanan. Dibekali frame chromoly yang kuat dan ringan, dengan desain yang stylish. Memiliki 6 opsi kecepatan untuk menghadapi berbagai kondisi jalan dan memberi fleksibilitas dalam berkendara. Berbeda dengan seri pikes yang lainnya, sepeda ini memiliki 2 pilihan kecepatan eksternal gear, dan 3 pilihan kecepatan internal gear. Menggunakan rem U-Brake ang sudah cukup untuk pemakaian biasa. Penyimpanan praktis dan ringkas karena sepeda bisa dilipat di bagian: rangka, handle post, pedal, dan roda belakang, memudahkan Anda untuk melipat dan menyimpannya di dalam ruangan yang sangat kecil. Dilengkapi dengan pompa, bagasi dan front block pada bagian frame depan sepeda, yang bisa digunakan sebagai bracket tas. Front block memudahkan Anda memasang, melepas dan membawa tas di bagian depan sepeda. Dilengkapi roda kecil dibagian bagasi sepeda, memudahkan Anda untuk mendorong sepeda.', '<h3>Ringkasan Spesifikasi</h3>\r\n<p>Element Pikes Gen 2 memiliki rangka kuat dan ringan yang didesain stylish. Sistem pengereman sederhana, lebih hemat biaya perawatan. Banyak 6 pilihan kecepatan (operan gigi) untuk menghadapi berbagai medan tanjakan dan memberi fleksibilitas dalam berkendara. Penyimpanan praktis dan ringkas karena sepeda bisa dilipat di bagian: rangka, handle post, pedal, dan roda belakang. Dilengkapi, pompa, bagasi dan front block pada bagian frame depan sepeda, serta roda pada bagasi belakang, memudahkan Anda untuk mendorong sepeda.</p>', 'item5fc7e0a3d48609_44239851.jpg'),
(17, 2, 'Element Ecosmo Z9 Bike To Work [Bonus Helm Sepeda]', 6600000, 'Sepeda lipat Element Ecosmo Z9 Bike To Work atau biasa disebut B2W, dibekali dengan frame berbahan alloy yang ringan dan tahan karat. Dengan ukuran ban 20 inci sepeda ini cocok untuk kalangan remaja dan dewasa. Untuk menunjang kemudahan pengendara, sepeda ini difasilitasi 9 x 2 pilihan kecepatan untuk menghadapi berbagai kondisi jalan dan memberi fleksibilitas dalam berkendara. Pegangan sepeda yang berbentuk ergonomis menyesuaikan kontur genggaman telapak tangan untuk meningkatkan kenyamanan, terutama saat berkendara lama. Dilengkapi dengan magnet yang kuat di bagian roda depan dan belakang, untuk menjaga sepeda terlipat dengan aman. Selain itu, sepeda lipat 20 inci ini cukup ringkas dan praktis disimpan. Anda bisa melipat bagian rangka, handle post, dan pedal. Dilengkapi dengan standar samping dan front block pada bagian frame depan sepeda, yang bisa digunakan sebagai bracket tas. Menggunakan velg tinggi yang menambah aerodynamic untuk support kecepatan. Element Ecosmo Z9 B2W ini bisa menjadi pilihan yang tepat untuk Anda yang mencari sepeda lipat dengan spesifikasi yang mumpuni.', '<h3>Ringkasan Spesifikasi</h3>\r\n<p>Sepeda Element Ecosmo ini memiliki rangka yang ringan dan tahan karat.</p>\r\n<p>Banyak 9 x 2 pilihan kecepatan (operan gigi) untuk menghadapi berbagai kondisi jalan dan memberi fleksibilitas dalam berkendara.</p>\r\n<p>Sistem pengoperan gigi mudah, cukup dengan jari jempol.</p>\r\n<p>Rem cakram yang sangat pakem tanpa mengandalkan cengkeraman jari pada saat mengerem mendadak atau saat turunan tajam. Memakai teknologi hydraulic yang sama dengan pengereman kendaraan bermotor.</p>\r\n<p>Pegangan sepeda yang berbentuk ergonomis menyesuaikan kontur genggaman telapak tangan untuk meningkatkan kenyamanan, terutama saat berkendara lama.</p>\r\n<p>Dilengkapi dengan magnet yang kuat di bagian roda depan dan belakang, untuk menjaga sepeda terlipat dengan aman.</p>\r\n<p>Dilengkapi dengan standar samping dan front block pada bagian frame depan sepeda, yang bisa digunakan sebagai bracket tas.</p>\r\n<p>Penyimpanan praktis dan ringkas karena sepeda bisa dilipat di bagian: rangka, handle post, serta pedal.</p>\r\n<p>SNI</p>\r\n<p>Original dan bergaransi resmi.</p>', 'item5fc7e1581e7c61_02562900.jpg'),
(18, 4, 'United Bulls', 1300000, 'Sepeda United Bulls 18 Inci ini cocok untuk teman buah hati Anda. Menggunakan warna yang keren dengan karakter banteng membuat sepeda ini terlihat lebih garang dan gagah. Rangka besi yang kuat serta tahan banting dengan disain stripping unik yang disesuaikan dengan selera anak-anak. Dilengkapi dengan sistem pengereman sederhana, lebih hemat biaya perawatan. Dilengkapi pelindung rantai dan spakbor depan belakang untuk memberikan tambahan safety dan kenyamanan dalam berkendara. Sudah termasuk roda bantu belakang kiri-kanan khusus untuk buah hati Anda yang baru belajar bersepeda.', '<h3>Ringkasan Spesifikasi</h3>\r\n<p>Model frame dan design yang keren dan gagah, cocok untuk anak laki-laki.</p>\r\n<p>Rangka besi yang kuat serta tahan banting dengan disain stripping unik yang disesuaikan dengan selera anak-anak.</p>\r\n<p>Sistem pengereman sederhana, lebih hemat biaya perawatan.</p>\r\n<p>Dilengkapi pelindung rantai dan spakbor depan belakang untuk memberikan tambahan safety dan kenyamanan dalam berkendara.</p>\r\n<p>Sudah termasuk roda bantu belakang kiri-kanan yang lucu khusus untuk buah hati Anda yang baru belajar bersepeda.</p>\r\n<p>SNI dan Original.</p>', 'item5fc7e2cbad1dc0_34851514.jpg'),
(19, 4, 'Polygon Hello Kitty', 1070000, 'Pabrikan Polygon kembali mengembangkan sepeda anak terbarunya, yaitu Sepeda Polygon Hello Kitty 12 Inci. Dilengkapi dengan rangka kuat dan tahan banting dengan teknologi FeroTech frame, yang diproduksi dengan tabung besi tipe straight gauge yang memiliki kekuatan tarik yang tinggi. Ferotech frame merupakan frame yang tangguh dan handal untuk mendukung performa yang maksimal. Sepeda yang ditujukan untuk anak 3-4 tahun ini dilengkapi dengan tambahan roda bantu di kiri dan kanan, menjadikan belajar sepeda anak lebih mudah dan aman. Penggunaan gambar karakter Hello Kitty yang lucu, akan menambah keceriaan buah hati Anda. Dilengkapi dengan bel, bagasi belakang, dan pelindung rantai. Polygon Hello Kitty 12 inci dengan warna yang cantik, pasti akan menjadi kesayangan anak perempuan Anda.', '<h3>Ringkasan Spesifikasi</h3>\r\n<p>Rangka besi yang kuat serta tahan banting dengan disain stripping unik yang disesuaikan dengan selera anak-anak.</p>\r\n<p>Sistem pengereman sederhana, lebih hemat biaya perawatan.</p>\r\n<p>Dilengkapi pelindung rantai untuk memberikan tambahan safety dan kenyamanan dalam berkendara.</p>\r\n<p>Sudah termasuk roda bantu belakang kiri-kanan khusus untuk buah hati Anda yang baru belajar bersepeda.</p>\r\n<p>SNI. Original dan bergaransi resmi.</p>', 'item5fc7e62c433329_68246396.jpg'),
(20, 5, 'Polygon Claire', 2975000, 'Sepeda Polygon Claire merupakan sepeda keranjang yang sangat cocok untuk wilayah perkotaan atau jalanan yang rata. Desainnya sangat cantik dengan rangka alloy yang ringan dan tahan karat. Dilengkapi dengan pengereman sederhana yang membuat sepeda ini lebih hemat biaya perawatan. Sepeda ini sangat cocok untuk commuter atau melakukan aktivitas harian di sekitar rumah. Banyak 7 pilihan kecepatan (operan gigi) untuk menghadapi berbagai medan tanjakan dan memberi fleksibilitas dalam berkendara. Sepeda ini hadir dengan fitur-fitur tambahan seperti keranjang yang akan memudahkan Anda untuk membawa barang.', '<h3>Ringkasan Spesifikasi</h3>\r\n<p>Polygon Claire dibekali dengan rangka alloy yang ringan dan tahan karat.</p>\r\n<p>Sistem pengereman sederhana, lebih hemat biaya perawatan.</p>\r\n<p>Banyak (7) pilihan kecepatan (operan gigi) untuk menghadapi berbagai medan tanjakan dan memberi fleksibilitas dalam berkendara.</p>\r\n<p>Sistem pengoperan gigi mudah, cukup diputar dengan jari jempol dan telunjuk.</p>\r\n<p>Dilengkapi pelindung rantai dan spakbor depan belakang untuk memberikan tambahan safety dan kenyamanan dalam berkendara.</p>\r\n<p>Sudah termasuk boncengan/bagasi belakang yang dilengkapi dengan belt, memudahkan Anda untuk membawa barang.</p>\r\n<p>Dilengkapi dengan keranjang depan.</p>\r\n<p>SNI. Original dan bergaransi resmi.</p>', 'item5fc7e865a19216_69092679.jpg'),
(21, 3, 'United Jumper Zero', 1860000, 'Sepeda United Jumper Zero dilengkapi dengan frame berbahan steel yang kuat dan tahan banting. Bentuk rangka yang stylish dan trendy juga menjadi daya tarik untuk sepeda ini. Diproduksi dengan sambungan las yang rapi dengan Quality Control pabrikan United yang sudah berpengalaman. United Jumper Zero menggunakan single speed yang artinya, akan lebih mudah dalam perawatannya. Untuk alasan keamanan, sepeda ini dilengkapi dengan sistem pengereman V-Brake untuk rem depan dan rem belakang.', '<h3>Ringkasan Spesifikasi</h3>\r\n<p>United Jumper Zero dilengkapi dengan rangka steel yang kuat dan tahan banting.</p>\r\n<p>Diproduksi dengan sambungan las yang rapi dengan Quality Control pabrikan United yang sudah berpengalaman.</p>\r\n<p>Tanpa operan gigi, cocok untuk medan jalan rata dan lebih hemat biaya perawatan.</p>\r\n<p>Sistem pengereman sederhana, lebih hemat biaya perawatan.</p>\r\n<p>SNI. Original dan bergaransi resmi.</p>', 'item5fc7e918e96992_09268524.jpg'),
(22, 3, 'United Dbased', 1750000, 'Sepeda United Dbased ini merupakan sepeda yang cukup recommended. Selain menggunakan material yang kuat, sepeda ini juga menawarkan desain yang cukup keren. Sepeda yang dibuat untuk anak diatas 6 tahun ini, menggunakan single speed yang artinya, akan lebih mudah dalam perawatannya. Untuk alasan keamanan, sepeda BMX ini didesain dengan V-brake untuk rem depan dan rem belakang. Terlebih lagi sepada berbahan dasar steel ini berlabel SNI yang tidak bisa diragukan lagi kualitasnya. Dengan design frame yang simpel namun tetap keren.', '<h3>Ringkasan Spesifikasi</h3>\r\n<p>United Dbased memiliki rangka yang kuat dan tahan banting</p>\r\n<p>Sistem pengereman sederhana, lebih hemat biaya perawatan.</p>\r\n<p>SNI Original dan bergaransi resmi.</p>', 'item5fc7e96cf33a96_65948925.jpg'),
(23, 3, 'Polygon Sepeda Razor 20', 2700000, 'Sepeda Polygon Razor 20 merupakan sepeda BMX yang dirancang dengan akselerasi dan kecepatan tinggi, cocok untuk pesepeda BMX profesional dan penghobi. Sepeda Razor 20 sangat cocok untuk bersepeda gunung di medan offroad ringan. Polygon Razor 20 menawarkan pengalaman bersepeda yang agresif di medan off road, mulai dari melibas jalur singletrack, dan turunan, tanjakan, atau mungkin perjalanan jauh dengan rute tanah dan bebatuan. Razor 20 akan membuat Anda merasa nyaman dalam berkendara. Razor 20 memiliki daya tahan, keandalan, dan kecepatan yang terjamin. Sepeda Razor 20 ini dirakit dengan profesional, spesifikasi yang terbaik di kelasnya dan menjadi salah satu sepeda terbaik yang direkomendasikan untuk Anda.', '<div>\r\n<h3>Frame &amp; Fork</h3>\r\n<p>Sepeda Polygon Razor 20 dibekali dengan frame AL6 BMX Race Frame yang ringan, berkualitas dan tahan karat cocok untuk digunakan olahraga sehari-hari. Polygon menggunakan material AL6 BMX Race Frame untuk menghasilkan frame yang lebih ringan dan tangguh dibanding teknologi bahan lainnya. Razor 20 juga dilengkapi dengan ALLOY Race BMX fork yang dapat meredam getaran. Didesain dengan warna yang elegan, Polygon Razor 20 sangat kokoh, ringan dan aerodinamis.</p>\r\n<p>&nbsp;</p>\r\n<h3>Groupset</h3>\r\n<p>Groupset Polygon Razor 20 menggunakan bottom bracket Cartridge BB dan cassete Single 16T. Polygon Razor 20 juga dibekali dengan brake Alloy V-Brake with Two Finger Alloy Lever dan crank set Alloy Crankset 170mm 44T yang dapat mengurangi berat dari sepeda dan meningkatkan kinerja sepeda saat Anda mengayuhnya.</p>\r\n<p>&nbsp;</p>\r\n<h3>Wheelset dan lain-lain</h3>\r\n<p>Wheelset Polygon Razor 20 menggunakan Alloy Double Wall 36H. Razor 20 dilengkapi dengan internal cable routing, sehingga membuat tampilan yang rapi dan modis serta memperpanjang masa pakai kabel. Razor 20 juga dilengkapi dengan ban dari Deli S-199 dengan ukuran 20"&times;1.95". Polygon Razor 20 menggunakan part-part Alloy meliputi seatpost dan stem. Sadel yang digunakan pada Razor 20 adalah Foam Saddle yang sangat nyaman untuk digunakan dalam jangka waktu lama.</p>\r\n</div>\r\n<div class="right-content" style="box-sizing: border-box; color: #8c8c8c; width: 590px; font-size: 13px; letter-spacing: 0.33px; line-height: 20px; padding-left: 33px; font-family: mavenpro; background-color: #ffffff;">\r\n<div class="additional-attributes-wrapper table-wrapper" style="box-sizing: border-box; margin-bottom: 20px;">&nbsp;</div>\r\n</div>', 'item5fc7e9df608c79_59917664.jpg'),
(24, 4, 'Polygon Champ', 1450000, 'Sepeda Polygon Champ 16 Inci ini cocok untuk teman buah hati Anda. Dilengkapi dengan bahan frame alloy yang ringan dan tahan karat, serta design stripping unik dan disesuaikan dengan selera anak-anak yang keren, membuat sepeda ini terlihat lebih unik dan gagah dari tipe sepeda anak yang lain. Menggunakan sistem pengereman sederhana, lebih hemat biaya perawatan. Dilengkapi dengan bel, pelindung rantai dan standar samping untuk memberikan tambahan safety dan kenyamanan dalam berkendara.', '<h3>Ringkasan Spesifikasi</h3>\r\n<p>Rangka alloy yang ringan dan tahan karat, dengan disain stripping unik yang disesuaikan dengan selera anak-anak.</p>\r\n<p>Sistem pengereman sederhana, lebih hemat biaya perawatan.</p>\r\n<p>Dilengkapi dengan standar samping, bel dan pelindung rantai untuk memberikan tambahan safety dan kenyamanan dalam berkendara.</p>\r\n<p>SNI Original dan bergaransi resmi.</p>', 'item5fc91e48316438_95292353.png'),
(25, 4, 'Polygon Crosser', 1075000, 'Sepeda Polygon Crosser 16 Inci ini cocok untuk teman buah hati Anda. Dilengkapi dengan mode rangka bahan Steel yang keren membuat sepeda ini terlihat lebih unik dan gagah dari tipe sepeda anak yang lain. Menggunakan sistem pengereman se derhana, lebih hemat biaya perawatan. Dilengkapi pelindung rantai dan untuk memberikan tambahan safety dan kenyamanan dalam berkendara. Sudah termasuk roda bantu belakang kiri-kanan yang keren khusus untuk buah hati Anda yang baru belajar bersepeda.', '<h3>Ringkasan Spesifikasi</h3>\r\n<p>Rangka besi yang kuat serta tahan banting dengan disain stripping unik yang disesuaikan dengan selera anak-anak.</p>\r\n<p>Sistem pengereman sederhana, lebih hemat biaya perawatan.</p>\r\n<p>Dilengkapi pelindung rantai untuk memberikan tambahan safety dan kenyamanan dalam berkendara.</p>\r\n<p>Sudah termasuk roda bantu belakang kiri-kanan khusus untuk buah hati Anda yang baru belajar bersepeda.</p>\r\n<p>SNI Original dan bergaransi resmi.</p>', 'item5fc91f16f08956_49647124.jpg'),
(26, 4, 'United Nexi Bold', 1220000, 'Sepeda United Nexi Bold untuk anak ini terdiri dari ukuran 12" yang bisa langsung di sesuaikan dengan tinggi anak. Menggunakan rangka alloy magnesium yang lebih ringan tanpa proses las, lebih kuat dan tahan lama. Jari-jari sepeda di desain racing yang terlihat lebih menarik ketika sepeda dikayuh. Dilengkapi dengan jam pada bagian stang sepeda, untuk variasi tampilan sepeda. Stang dapat diatur untuk kenyamanan berkendara. Desainnya yang keren dan gagah cocok untuk anak laki-laki.', '<h3>Ringkasan Spesifikasi</h3>\r\n<p>Rangka alloy magnesium lebih ringan tanpa proses las, lebih kuat dan tahan lama.</p>\r\n<p>Fork Rigid magnesium.</p>\r\n<p>Sistem pengereman cakram yang pakem.</p>\r\n<p>Jari-jari sepeda di desain racing yang terlihat lebih menarik ketika sepeda dikayuh.</p>\r\n<p>Sudah termasuk roda bantu belakang kiri-kanan khusus untuk buah hati Anda yang baru belajar bersepeda.</p>\r\n<p>Dilengkapi dengan bell tangan untuk keamanan saat berkendara.</p>', 'item5fc920792ac9a3_18707653.jpg');

-- --------------------------------------------------------

--
-- Table structure for table `user`
--

CREATE TABLE `user` (
  `id_user` int(12) NOT NULL,
  `nama_lengkap` varchar(64) NOT NULL,
  `email` varchar(64) NOT NULL,
  `password` varchar(255) NOT NULL,
  `no_tlp` varchar(20) NOT NULL,
  `jk` enum('Laki laki','Perempuan') NOT NULL,
  `level` enum('admin','user') NOT NULL
) ENGINE=InnoDB DEFAULT CHARSET=latin1;

--
-- Dumping data for table `user`
--

INSERT INTO `user` (`id_user`, `nama_lengkap`, `email`, `password`, `no_tlp`, `jk`, `level`) VALUES
(1, 'Administrator', 'admin@caswanashop.com', '$2y$10$mbyziTqKYz.z8nyVqeHfqOeCjct2ABd8B3gIVfqv6GS3nUYB.hj/q', '081282831071', 'Laki laki', 'admin'),
(2, 'test user', 'test@user.com', '$2y$10$4p52rFGLW1Yp4AskKHLtp.LXpFUq.78M2LiOVp7ShbnyrVogCfB.e', '12345', 'Laki laki', 'user'),
(3, 'Farhan Taufik Hidayat', 'email@farhan.com', '$2y$10$OwNmQyLrXWO4Ywqs7ybQl.5ggRoa6WadDvneEs0n5GUv/oW/3tOB.', '081234567', 'Laki laki', 'user');

--
-- Indexes for dumped tables
--

--
-- Indexes for table `invoice`
--
ALTER TABLE `invoice`
  ADD PRIMARY KEY (`id_invoice`),
  ADD KEY `id_user` (`id_user`);

--
-- Indexes for table `kategori`
--
ALTER TABLE `kategori`
  ADD PRIMARY KEY (`id_kategori`);

--
-- Indexes for table `keranjang`
--
ALTER TABLE `keranjang`
  ADD PRIMARY KEY (`id_keranjang`),
  ADD KEY `id_sepeda` (`id_sepeda`),
  ADD KEY `id_user` (`id_user`);

--
-- Indexes for table `sepeda`
--
ALTER TABLE `sepeda`
  ADD PRIMARY KEY (`id_sepeda`),
  ADD KEY `id_kategori` (`id_kategori`);

--
-- Indexes for table `user`
--
ALTER TABLE `user`
  ADD PRIMARY KEY (`id_user`);

--
-- AUTO_INCREMENT for dumped tables
--

--
-- AUTO_INCREMENT for table `invoice`
--
ALTER TABLE `invoice`
  MODIFY `id_invoice` int(11) NOT NULL AUTO_INCREMENT, AUTO_INCREMENT=20;
--
-- AUTO_INCREMENT for table `kategori`
--
ALTER TABLE `kategori`
  MODIFY `id_kategori` int(11) NOT NULL AUTO_INCREMENT, AUTO_INCREMENT=6;
--
-- AUTO_INCREMENT for table `keranjang`
--
ALTER TABLE `keranjang`
  MODIFY `id_keranjang` int(11) NOT NULL AUTO_INCREMENT, AUTO_INCREMENT=22;
--
-- AUTO_INCREMENT for table `sepeda`
--
ALTER TABLE `sepeda`
  MODIFY `id_sepeda` int(11) NOT NULL AUTO_INCREMENT, AUTO_INCREMENT=27;
--
-- AUTO_INCREMENT for table `user`
--
ALTER TABLE `user`
  MODIFY `id_user` int(12) NOT NULL AUTO_INCREMENT, AUTO_INCREMENT=4;
--
-- Constraints for dumped tables
--

--
-- Constraints for table `invoice`
--
ALTER TABLE `invoice`
  ADD CONSTRAINT `invoice_ibfk_1` FOREIGN KEY (`id_user`) REFERENCES `user` (`id_user`) ON DELETE NO ACTION ON UPDATE NO ACTION;

--
-- Constraints for table `keranjang`
--
ALTER TABLE `keranjang`
  ADD CONSTRAINT `keranjang_ibfk_1` FOREIGN KEY (`id_sepeda`) REFERENCES `sepeda` (`id_sepeda`) ON DELETE NO ACTION ON UPDATE NO ACTION,
  ADD CONSTRAINT `keranjang_ibfk_2` FOREIGN KEY (`id_user`) REFERENCES `user` (`id_user`) ON DELETE NO ACTION ON UPDATE NO ACTION;

--
-- Constraints for table `sepeda`
--
ALTER TABLE `sepeda`
  ADD CONSTRAINT `sepeda_ibfk_1` FOREIGN KEY (`id_kategori`) REFERENCES `kategori` (`id_kategori`) ON DELETE NO ACTION ON UPDATE NO ACTION;

/*!40101 SET CHARACTER_SET_CLIENT=@OLD_CHARACTER_SET_CLIENT */;
/*!40101 SET CHARACTER_SET_RESULTS=@OLD_CHARACTER_SET_RESULTS */;
/*!40101 SET COLLATION_CONNECTION=@OLD_COLLATION_CONNECTION */;
